30781,http://www.straitstimes.com/archive/friday/through-the-lens/specials?wvstest=javascript:domxssExecutionSink(1
30783,http://www.straitstimes.com/archive/friday/through-the-lens/story/40-years-the-singapore-zoo?wvstest=javascript:domxssExecutionSink(1
30787,http://www.straitstimes.com/archive/friday/through-the-lens/story/june-29-2014?wvstest=javascript:domxssExecutionSink(1
30789,http://www.straitstimes.com/archive/friday/ttl/archives?wvstest=javascript:domxssExecutionSink(1
30822,http://www.straitstimes.com/archive/monday/digital-life/gaming/story/sword-art-online-hollow-fragment-feels-real-mmorpg-20140611
31361,http://www.straitstimes.com/archive/monday/news/asia/east-asia/story/asias-richest-man-li-ka-shing-buys-60-aircraft-313-billion-deals-20141105
31812,http://www.straitstimes.com/archive/monday/news/asia/south-east-asia/story/airasia-flight-qz8510-singapore-ready-deploy-system-detect-plane-201
31878,http://www.straitstimes.com/archive/monday/news/asia/south-east-asia/story/jokowi-slashes-travel-funds-after-singapore-trip-20141124
32057,http://www.straitstimes.com/archive/monday/news/business/banking/story/the-biggest-currency-notes-graphical-comparison-20140728
32112,http://www.straitstimes.com/archive/monday/news/business/companies/story/kar-wong-named-ey-entrepreneur-the-year-2014-singapore-20141202
32133,http://www.straitstimes.com/archive/monday/news/business/companies/story/ocbc-banks-rights-issue-closes-over-70-excess-applications-20140922
32472,http://www.straitstimes.com/archive/monday/news/opinion/more-opinion-stories/story/imf-warning-calls-introspection-20141024
32475,http://www.straitstimes.com/archive/monday/news/opinion/more-opinion-stories/story/isis-action-puts-obamas-anti-war-legacy-stake-20140915
32573,http://www.straitstimes.com/archive/monday/news/opinion/more-opinion-stories/story/ugly-divorce-cases-nearly-made-me-shun-marriage-20140915
32655,http://www.straitstimes.com/archive/monday/news/singapore/courts-crime/story/fcbcs-bid-judicial-review-ag-gets-permission-appeal-20141027
32662,http://www.straitstimes.com/archive/monday/news/singapore/courts-crime/story/hacker-jailed-attacking-pmo-website-20141208
32833,http://www.straitstimes.com/archive/monday/news/singapore/education/story/tertiary-students-singapore-looking-abroad-work-stints-20141025
32924,http://www.straitstimes.com/archive/monday/news/singapore/health/story/salt-too-little-worse-too-much-20140901
33481,http://www.straitstimes.com/archive/monday/news/singapore/more-singapore-stories/story/what-donors-want-?-what-charities-want-says-new-study-20
48135,http://www.straitstimes.com/archive/saturday/the-big-story/young-and-savvy-2014/story/put-your-savings-work-start-investing-20140831
48160,http://www.straitstimes.com/archive/sunday/breaking-news/world/story/eight-things-you-should-know-about-the-deadly-ebola-virus-20140402
48175,http://www.straitstimes.com/archive/sunday/digital-life/gaming/story/the-amazing-spider-man-2-more-amazing-the-movie-20140711
48304,http://www.straitstimes.com/archive/sunday/lifestyle/books/story/poet-robert-pinsky-believes-poetry-fundamental-human-existence-20141026
48396,http://www.straitstimes.com/archive/sunday/lifestyle/food-wine/story/food-picks-organic-korean-soft-serve-hairy-crab-twists-and-faultless-canto
48532,http://www.straitstimes.com/archive/sunday/lifestyle/more-lifestyle-stories/story/25-new-years-eve-parties-singapore-usher-2015-20141226
48646,http://www.straitstimes.com/archive/sunday/lifestyle/more-lifestyle-stories/story/rachel-chang-no-place-self-pity-among-the-chinese-20141026
48670,http://www.straitstimes.com/archive/sunday/lifestyle/more-lifestyle-stories/story/sumiko-tan-its-not-just-physical-clutter-virtual-clutter-make
48841,http://www.straitstimes.com/archive/sunday/lifestyle/music/story/metal-band-megadeth-hip-hop-star-ceelo-green-latest-drop-israel-concerts-20140
48977,http://www.straitstimes.com/archive/sunday/lifestyle/theatre-dance/story/singapore-international-arts-festival-ends-high-improved-attendance-20
48992,http://www.straitstimes.com/archive/sunday/lifestyle/travel/story/airlines-beef-food-offerings-compete-budget-flights-and-appeal-sophisticated-
49215,http://www.straitstimes.com/archive/sunday/news/asia/east-asia/story/hong-kong-pro-government-activists-rally-against-occupy-protest-20140817
49478,http://www.straitstimes.com/archive/sunday/news/asia/south-east-asia/story/jokowi-slashes-travel-funds-after-singapore-trip-20141124
49590,http://www.straitstimes.com/archive/sunday/news/asia/south-east-asia/story/thailands-youths-admit-cheating-early-age-and-many-think-its-fine-su
49607,http://www.straitstimes.com/archive/sunday/news/asia/story/money-cant-buy-sense-five-strange-things-chinese-millionaire-chen-guangbiao-has-done?wvstest=javascript:domxssExecutionSink(1
49773,http://www.straitstimes.com/archive/sunday/news/business/markets/story/asia-shares-wall-st-record-dollar-slips-against-pound-20140702
49947,http://www.straitstimes.com/archive/sunday/news/opinion/invitation/story/crunch-time-new-indonesia-president-20140828
50174,http://www.straitstimes.com/archive/sunday/news/singapore/courts-crime/story/man-arrested-molesting-woman-lift-20140712
50184,http://www.straitstimes.com/archive/sunday/news/singapore/courts-crime/story/man-hired-scapegoats-gambling-business-20141212
50213,http://www.straitstimes.com/archive/sunday/news/singapore/courts-crime/story/police-seek-information-14-year-old-girl-last-seen-vicinity-yishun
50403,http://www.straitstimes.com/archive/sunday/news/singapore/health/story/new-mobile-app-singapore-red-cross-teach-first-aid-20140928
50483,http://www.straitstimes.com/archive/sunday/news/singapore/more-singapore-stories/story/5-things-bosses-and-staff-dont-see-eye-eye-when-it-comes
50621,http://www.straitstimes.com/archive/sunday/news/singapore/more-singapore-stories/story/health-concerns-prompt-probe-rainbow-loom-kits-20140907
50909,http://www.straitstimes.com/archive/sunday/news/singapore/more-singapore-stories/story/stalls-changi-airport-food-street-not-so-famous-after-al
50964,http://www.straitstimes.com/archive/sunday/news/singapore/more-singapore-stories/story/what-cpf-minimum-sum-5-things-know-about-the-scheme-2014
51167,http://www.straitstimes.com/archive/sunday/news/sport/more-sport-stories/story/asian-games-indonesia-celebrate-badminton-doubles-gold-rush-2014
51216,http://www.straitstimes.com/archive/sunday/news/sport/school-sports/story/school-sports-acs-independent-beat-st-andrews-take-national-c-div-rug
51223,http://www.straitstimes.com/archive/sunday/news/sport/tennis/story/tennis-ivanovic-ousts-sharapova-three-set-thriller-20140817
51763,http://www.straitstimes.com/archive/sunday/news/world/united-states/story/us-hospitals-gird-ebola-panic-flu-season-looms-20141019
51859,http://www.straitstimes.com/archive/sunday/premium/forum-letters/story/hopes-better-behaviour-nations-dashed-realpolitik-20141225
51882,http://www.straitstimes.com/archive/sunday/premium/forum-letters/story/putting-rainwater-good-use-pub-replies-20141215
52628,http://www.straitstimes.com/archive/sunday/premium/lifestyle/story/mix-snack-20140713
52897,http://www.straitstimes.com/archive/sunday/premium/lifestyle/story/teaching-begins-home-20140914
